{
    "lhs": [
        {
            "nodal_loads": [
                {
                    "mwdata": "NaN"
                },
                {
                    "mwdata": "NaN"
                },
                {
                    "mwdata": "NaN"
                },
                {
                    "mwdata": "NaN"
                }
            ],
            "node_coords": [
                [
                    209,
                    363
                ],
                [
                    283,
                    185
                ],
                [
                    430,
                    193
                ],
                [
                    469,
                    418
                ]
            ],
            "node_names": [
                {
                    "mwdata": "NaN"
                },
                {
                    "mwdata": "NaN"
                },
                {
                    "mwdata": "NaN"
                },
                {
                    "mwdata": "NaN"
                }
            ],
            "num_nodes": 4,
            "num_segments": 4,
            "segment_loads": [
                {
                    "mwdata": "NaN"
                },
                {
                    "mwdata": "NaN"
                },
                {
                    "mwdata": "NaN"
                },
                {
                    "mwdata": "NaN"
                }
            ],
            "segment_names": [
                {
                    "mwdata": "NaN"
                },
                {
                    "mwdata": "NaN"
                },
                {
                    "mwdata": "NaN"
                },
                {
                    "mwdata": "NaN"
                }
            ],
            "segments": [
                [
                    0,
                    1
                ],
                [
                    1,
                    2
                ],
                [
                    2,
                    3
                ],
                [
                    3,
                    0
                ]
            ],
            "surface_names": {
                "mwdata": "NaN"
            },
            "surfaces": [
                [
                    1,
                    0,
                    3,
                    2
                ]
            ],
            "text_data": []
        }
    ]
}