{
    "num_nodes": 3,
    "num_segments": 3,
    "node_coords": [
        [
            165,
            248
        ],
        [
            278,
            106
        ],
        [
            381,
            247
        ]
    ],
    "node_names": [
        null,
        null,
        null
    ],
    "segments": [
        [
            0,
            1
        ],
        [
            1,
            2
        ],
        [
            2,
            0
        ]
    ],
    "segment_names": [
        null,
        null,
        null
    ],
    "surfaces": [],
    "surface_names": [],
    "nodal_loads": [
        null,
        null,
        null
    ],
    "segment_loads": [
        null,
        null,
        null
    ],
    "text-data": []
}