{
    "num_nodes": 11,
    "num_segments": 15,
    "node_coords": [
        [
            335.00748834,
            254.98621464
        ],
        [
            366.32475291,
            197.3339776
        ],
        [
            423,
            93
        ],
        [
            474.39623527,
            164.3032278
        ],
        [
            518.25748077,
            225.15298389
        ],
        [
            565,
            290
        ],
        [
            489.11952561,
            278.44804718
        ],
        [
            230,
            239
        ],
        [
            567,
            136
        ],
        [
            291,
            336
        ],
        [
            450,
            350
        ]
    ],
    "node_names": [
        null,
        null,
        null,
        null,
        null,
        null,
        null,
        null,
        null,
        null,
        null
    ],
    "segments": [
        [
            0,
            1
        ],
        [
            1,
            2
        ],
        [
            3,
            2
        ],
        [
            3,
            4
        ],
        [
            4,
            5
        ],
        [
            5,
            6
        ],
        [
            6,
            0
        ],
        [
            0,
            7
        ],
        [
            1,
            7
        ],
        [
            1,
            3
        ],
        [
            3,
            8
        ],
        [
            4,
            8
        ],
        [
            4,
            6
        ],
        [
            9,
            0
        ],
        [
            6,
            10
        ]
    ],
    "segment_names": [
        null,
        null,
        null,
        null,
        null,
        null,
        null,
        null,
        null,
        null,
        null,
        null,
        null,
        null,
        null
    ],
    "surfaces": [],
    "surface_names": [
        null,
        null,
        null,
        null,
        null
    ],
    "nodal_loads": [
        null,
        null,
        null,
        null,
        null,
        null,
        null,
        null,
        null,
        null,
        null
    ],
    "segment_loads": [
        null,
        null,
        null,
        null,
        null,
        null,
        null,
        null,
        null,
        null,
        null,
        null,
        null,
        null,
        null
    ],
    "text-data": [
        "",
        ""
    ]
}