{"num_nodes":12,"num_segments":12,"node_coords":[[180,120],[180,180],[180,300],[360,300],[360,240],[360,120],[320,120],[320,240],[220,240],[220,120],[180,240],[360,180]],"node_names":[null,null,null,null,null,null,null,null,null,null,null,null],"segments":[[0,1],[2,3],[3,4],[5,6],[6,7],[7,8],[8,9],[9,0],[1,10],[10,2],[4,11],[11,5]],"segment_names":[null,null,null,null,null,null,null,null,null,null,null,null],"surfaces":[],"surface_names":[],"nodal_loads":[null,null,null,null,null,null,null,null,null,null,null,null],"segment_loads":[null,null,null,null,null,null,null,null,null,null,null,null],"text-data":[]}