{
    "num_nodes": 8,
    "num_segments": 8,
    "node_coords": [
        [
            200,
            120
        ],
        [
            200,
            300
        ],
        [
            400,
            300
        ],
        [
            400,
            120
        ],
        [
            360,
            120
        ],
        [
            360,
            240
        ],
        [
            240,
            240
        ],
        [
            240,
            120
        ]
    ],
    "node_names": [
        null,
        null,
        null,
        null,
        null,
        null,
        null,
        null
    ],
    "segments": [
        [
            0,
            1
        ],
        [
            1,
            2
        ],
        [
            2,
            3
        ],
        [
            3,
            4
        ],
        [
            4,
            5
        ],
        [
            5,
            6
        ],
        [
            6,
            7
        ],
        [
            7,
            0
        ]
    ],
    "segment_names": [
        null,
        null,
        null,
        null,
        null,
        null,
        null,
        null
    ],
    "surfaces": [
        [
            0,
            1,
            2,
            3,
            4,
            5,
            6,
            7
        ]
    ],
    "surface_names": [
        null
    ],
    "nodal_loads": [
        null,
        null,
        null,
        null,
        null,
        null,
        null,
        null
    ],
    "segment_loads": [
        null,
        null,
        null,
        null,
        null,
        null,
        null,
        null
    ],
    "text-data": []
}