{"num_nodes":14,"num_segments":14,"node_coords":[[120,120],[120,160],[160,120],[120,280],[260,280],[260,240],[260,120],[220,120],[220,240],[160,240],[120,200],[120,240],[260,200],[260,160]],"node_names":[null,null,null,null,null,null,null,null,null,null,null,null,null,null],"segments":[[0,1],[2,0],[3,4],[4,5],[6,7],[7,8],[8,9],[9,2],[1,10],[10,11],[11,3],[5,12],[12,13],[13,6]],"segment_names":[null,null,null,null,null,null,null,null,null,null,null,null,null,null],"surfaces":[],"surface_names":[],"nodal_loads":[null,null,null,null,null,null,null,null,null,null,null,null,null,null],"segment_loads":[null,null,null,null,null,null,null,null,null,null,null,null,null,null],"text-data":[]}