{"num_nodes":14,"num_segments":14,"node_coords":[[280,160],[280,200],[280,320],[400,320],[400,280],[400,160],[360,160],[360,280],[320,280],[320,160],[280,240],[280,280],[400,240],[400,200]],"node_names":[null,null,null,null,null,null,null,null,null,null,null,null,null,null],"segments":[[0,1],[2,3],[3,4],[5,6],[6,7],[7,8],[8,9],[9,0],[1,10],[10,11],[11,2],[4,12],[12,13],[13,5]],"segment_names":[null,null,null,null,null,null,null,null,null,null,null,null,null,null],"surfaces":[],"surface_names":[],"nodal_loads":[null,null,null,null,null,null,null,null,null,null,null,null,null,null],"segment_loads":[null,null,null,null,null,null,null,null,null,null,null,null,null,null],"text-data":[]}